"ProbeID","Mean_CTRL","Mean_DIS","Delta_Beta","P_Value","P_Bonferroni","P_BH"
"cg24361198",0.933521026009346,0.745996374722373,-0.187524651286973,5.51981859382382e-07,0.267993816512459,0.266491177951723
"cg13754720",0.65699850516069,0.916340254703297,0.259341749542608,1.0977738055979e-06,0.532982355903445,0.266491177951723
"cg00707134",0.45995833637298,0.3175901158055,-0.14236822056748,3.48758237169027e-06,1,0.564421030814696
"cg02773588",0.807303286898346,0.969742491461714,0.162439204563368,4.91803066898496e-06,1,0.583440632070284
"cg18077307",0.775099560719022,0.186325805221702,-0.58877375549732,6.00850887383096e-06,1,0.583440632070284
"cg27217748",0.0557825405838987,0.0334128153052083,-0.0223697252786905,7.55157848243297e-06,1,0.611063662027166
"cg25817701",0.548434391884084,0.725967001848345,0.177532609964261,1.05476710051327e-05,1,0.731574406434856
"cg16094352",0.601117462201908,0.772142397109266,0.171024934907358,1.21417820800714e-05,1,0.735990498475448
"cg07770777",0.390085964170423,0.862509676919233,0.47242371274881,1.5277955346565e-05,1,0.735990498475448
"cg16544989",0.325919970328181,0.492393358565274,0.166473388237093,1.55200299828558e-05,1,0.735990498475448
"cg05156901",0.556216626200429,0.966505206903515,0.410288580703086,1.85045664113087e-05,1,0.735990498475448
"cg11417259",0.509870252773074,0.722041377161913,0.212171124388839,2.00391030029668e-05,1,0.735990498475448
"cg01739167",0.403670772728494,0.308709012212983,-0.0949617605155119,2.15828979084942e-05,1,0.735990498475448
"cg12840248",0.0568214029638574,0.104914409066241,0.0480930061023838,2.26408477890778e-05,1,0.735990498475448
"cg02097604",0.956706925351029,0.90438360144141,-0.0523233239096186,2.27750987799387e-05,1,0.735990498475448
"cg26849776",0.884954463005753,0.915149009621006,0.0301945466152523,2.53696892069779e-05,1,0.735990498475448
"cg17181966",0.648624506427425,0.499415435896857,-0.149209070530568,2.57704000603128e-05,1,0.735990498475448
"cg03344384",0.530620326725041,0.161304923995242,-0.369315402729799,3.01395024790263e-05,1,0.742846114595751
"cg19112186",0.519886249117744,0.960243580849603,0.440357331731859,3.01711108837122e-05,1,0.742846114595751
"cg17960080",0.0708901784547994,0.13767640451162,0.0667862260568202,3.28911875171062e-05,1,0.742846114595751
"cg23916496",0.542351701760839,0.792103452698701,0.249751750937862,3.36517343910066e-05,1,0.742846114595751
"cg10040866",0.317763658185244,0.497272824762958,0.179509166577714,3.36605779488592e-05,1,0.742846114595751
"cg09519134",0.731504674350975,0.536695628841979,-0.194809045508995,3.67269200001136e-05,1,0.753785601813164
"cg20723792",0.411757258618815,0.321243752003053,-0.0905135066157622,3.72613950705975e-05,1,0.753785601813164
"cg05697274",0.474347498243363,0.759088434086556,0.284740935843192,4.4058921697785e-05,1,0.824239385583441
"cg04027736",0.498946557527725,0.184581392420547,-0.314365165107178,4.63583108407179e-05,1,0.824239385583441
"cg16662477",0.370426041115767,0.193843005040675,-0.176583036075092,4.81646929760697e-05,1,0.824239385583441
"cg08215788",0.0755041472547502,0.145231695249817,0.069727547995067,5.06554169607235e-05,1,0.824239385583441
"cg00142670",0.754798446015157,0.924921054951024,0.170122608935867,5.10146252308575e-05,1,0.824239385583441
"cg02886188",0.670473157693181,0.512205864665358,-0.158267293027822,5.11374419349141e-05,1,0.824239385583441
"cg10770023",0.487990444472837,0.943591800594638,0.455601356121801,5.37686354990402e-05,1,0.824239385583441
"cg14380635",0.767914130672908,0.510890760885588,-0.257023369787321,5.73428589193735e-05,1,0.824239385583441
"cg13006424",0.791465037766218,0.296109982729202,-0.495355055037016,5.81335353641993e-05,1,0.824239385583441
"cg01830463",0.857755619735574,0.936435771698788,0.0786801519632135,6.23382578646474e-05,1,0.824239385583441
"cg09109477",0.0307207108824509,0.0426636269571999,0.011942916074749,6.72483885485771e-05,1,0.824239385583441
"cg14133557",0.773606821889406,0.454061367328718,-0.319545454560687,7.26346806913252e-05,1,0.824239385583441
"cg24363820",0.444254912068341,0.931023969940859,0.486769057872518,7.46354377447274e-05,1,0.824239385583441
"cg20647118",0.375378156476486,0.625885450750364,0.250507294273878,7.67617598630546e-05,1,0.824239385583441
"cg26785346",0.358033337471684,0.0985866498443791,-0.259446687627305,8.12139915252704e-05,1,0.824239385583441
"cg19494588",0.669577142597802,0.399517150762157,-0.270059991835646,8.23807489292221e-05,1,0.824239385583441
"cg18892212",0.439900680115002,0.800043571047536,0.360142890932533,8.46432189412488e-05,1,0.824239385583441
"cg25282454",0.710791066513178,0.388389237073934,-0.322401829439244,8.47256563363552e-05,1,0.824239385583441
"cg02393727",0.284161730667481,0.723563422308589,0.439401691641108,8.52667358729187e-05,1,0.824239385583441
"cg24652615",0.65520413231823,0.921338234480529,0.2661341021623,8.59758088616385e-05,1,0.824239385583441
"cg05277095",0.861264376345995,0.818308240529756,-0.0429561358162388,8.82083665447266e-05,1,0.824239385583441
"cg13456470",0.462011882637624,0.791421728238673,0.32940984560105,9.01324673138087e-05,1,0.824239385583441
"cg25817165",0.777004210641139,0.490252763805506,-0.286751446835632,9.02759476883944e-05,1,0.824239385583441
"cg05347456",0.456941084820175,0.86935993695818,0.412418852138005,9.4403585548032e-05,1,0.824239385583441
"cg01229865",0.4076782841126,0.868099990724733,0.460421706612133,9.49614460331713e-05,1,0.824239385583441
"cg26053066",0.29170909850849,0.111770338782937,-0.179938759725553,9.70912963366611e-05,1,0.824239385583441
"cg06990460",0.336953261274021,0.441200513214897,0.104247251940877,0.000100798355579832,1,0.824239385583441
"cg01664727",0.209601201172846,0.776984858124942,0.567383656952096,0.000102309833115641,1,0.824239385583441
"cg14637470",0.79836854110049,0.90065226634037,0.10228372523988,0.000110560798001745,1,0.824239385583441
"cg13526469",0.213971993013317,0.624683708109753,0.410711715096435,0.000114125642595812,1,0.824239385583441
"cg15993709",0.0538274077079898,0.0734819175062487,0.0196545097982589,0.000114728313901832,1,0.824239385583441
"cg13708645",0.435839990610272,0.68953012068945,0.253690130079178,0.000117536725287353,1,0.824239385583441
"cg03598159",0.156256424791897,0.387181948288872,0.230925523496975,0.000119078341573836,1,0.824239385583441
"cg03142697",0.189653011672578,0.817700255799439,0.628047244126861,0.000121328201130507,1,0.824239385583441
"cg09906922",0.193873363578617,0.339621047276062,0.145747683697444,0.00012193711825522,1,0.824239385583441
"cg22620414",0.498047255899951,0.673977763797526,0.175930507897575,0.000122985693306972,1,0.824239385583441
"cg06742719",0.110456254120345,0.14847500853501,0.0380187544146656,0.000124662469442037,1,0.824239385583441
"cg22632947",0.441775015382963,0.637857939763105,0.196082924380142,0.000125543224389077,1,0.824239385583441
"cg16236263",0.0841098280634012,0.187186894330466,0.103077066267064,0.000127392855501651,1,0.824239385583441
"cg06847624",0.368014272859443,0.870109191222579,0.502094918363136,0.000129633521313093,1,0.824239385583441
"cg06942814",0.536726165687113,0.699374692655473,0.16264852696836,0.000129782516880235,1,0.824239385583441
"cg02285115",0.0210944738713104,0.0436483034078026,0.0225538295364922,0.00013393210556992,1,0.824239385583441
"cg12176783",0.742616892415065,0.936974585835328,0.194357693420263,0.000139325591937696,1,0.824239385583441
"cg05696092",0.517975424819431,0.671775852771608,0.153800427952177,0.000143609167436475,1,0.824239385583441
"cg08292485",0.659375844131768,0.365915990725797,-0.293459853405971,0.000146165443162873,1,0.824239385583441
"cg02329835",0.522676945077351,0.645088720933298,0.122411775855948,0.000148037260352227,1,0.824239385583441
"cg06530441",0.320539116655363,0.794612324908281,0.474073208252918,0.000150519140567722,1,0.824239385583441
"cg19184897",0.340222076911095,0.17295508830494,-0.167266988606155,0.000151975187498637,1,0.824239385583441
"cg05289022",0.807904067346395,0.364153021394837,-0.443751045951557,0.000158458625119429,1,0.824239385583441
"cg04075973",0.119374967335084,0.275318793414,0.155943826078916,0.000164153011936593,1,0.824239385583441
"cg07554011",0.256575630703291,0.370773694687731,0.11419806398444,0.000166031172681777,1,0.824239385583441
"cg09576762",0.672943239244713,0.856725982581028,0.183782743336315,0.000167036515447206,1,0.824239385583441
"cg22191606",0.458315502880533,0.620986067107061,0.162670564226528,0.000167932724893443,1,0.824239385583441
"cg27657439",0.366591354528915,0.151367703824045,-0.21522365070487,0.000169675900719016,1,0.824239385583441
"cg22667835",0.664444944777357,0.744045435551847,0.0796004907744906,0.000171388261056185,1,0.824239385583441
"cg06329225",0.666300237843607,0.796278438690059,0.129978200846452,0.00017407363321298,1,0.824239385583441
"cg27171201",0.848088045873285,0.803310475259196,-0.0447775706140886,0.00017584962404718,1,0.824239385583441
"cg10542562",0.233489804651557,0.488065308492492,0.254575503840935,0.000176456178011501,1,0.824239385583441
"cg24452591",0.112400699722989,0.0957101475323836,-0.0166905521906053,0.000177978960566909,1,0.824239385583441
"cg20156165",0.883842529671117,0.839508981282926,-0.0443335483881913,0.00017837785218064,1,0.824239385583441
"cg08442823",0.5249982924385,0.246383859966053,-0.278614432472447,0.000181091953631489,1,0.824239385583441
"cg05064106",0.736745310009143,0.933415556077587,0.196670246068443,0.000189091187206907,1,0.824239385583441
"cg27502912",0.55920602114895,0.845211130656011,0.286005109507061,0.000190373904179193,1,0.824239385583441
"cg13382072",0.176496417781804,0.469738803325706,0.293242385543902,0.000193285733508086,1,0.824239385583441
"cg26787220",0.151800512429391,0.315956470523004,0.164155958093612,0.000194504577374693,1,0.824239385583441
"cg03203274",0.743397180577475,0.867043533329085,0.12364635275161,0.000196821274203604,1,0.824239385583441
"cg09109520",0.144365745779026,0.313182379971176,0.16881663419215,0.000197736145275533,1,0.824239385583441
"cg26516532",0.534900205930774,0.733918427112625,0.199018221181851,0.000200197205330466,1,0.824239385583441
"cg01287088",0.704472787178595,0.940100518925003,0.235627731746408,0.000202473777971299,1,0.824239385583441
"cg02008169",0.118211614143456,0.0948780791569895,-0.0233335349864668,0.000210457908238956,1,0.824239385583441
"cg04192760",0.804273757699182,0.759265947133339,-0.0450078105658429,0.000220671585615689,1,0.824239385583441
"cg00330953",0.772237208432112,0.853977856039079,0.081740647606967,0.00022127842808217,1,0.824239385583441
"cg22660370",0.390546473392549,0.152123819755139,-0.23842265363741,0.000223059731992262,1,0.824239385583441
"cg16406078",0.192422606099538,0.314932792910011,0.122510186810473,0.000225357861271996,1,0.824239385583441
"cg22065124",0.910791422162301,0.861289227326811,-0.0495021948354897,0.000228945933240425,1,0.824239385583441
"cg27232078",0.744613630811376,0.915560997623934,0.170947366812557,0.000233624419710941,1,0.824239385583441
